object_id_x,class_id_x,class_name_x,bbox_x,area_m2_x,area_ft2_x,Ground Truth,Percentage difference,,object_id_y,class_id_y,class_name_y,bbox_y,,,,,file_y,source_file_y
0,2,House,"[598.60986328125, 570.6902465820312, 681.9293212890625, 691.5250854492188]",243.3145784,2619.01379,1776,47.46699268,,0,2,House,"[598.60986328125, 570.6902465820312, 681.9293212890625, 691.5250854492188]",,,,,"11055 Lakeview Dr, Town of Chippewa.png","11055 Lakeview Dr, Town of Chippewa.png_objects.csv"
0,2,House,"[605.6605834960938, 574.1806640625, 671.6141967773438, 648.0087890625]",117.9273513,1269.358217,864,46.9164603,,0,2,House,"[605.6605834960938, 574.1806640625, 671.6141967773438, 648.0087890625]",,,,,"11223 Old Grade Rd, Town of Chippewa.png","11223 Old Grade Rd, Town of Chippewa.png_objects.csv"
0,2,House,"[468.335693359375, 603.2105102539062, 535.2464599609375, 676.7448120117188]",126.7667932,1364.505085,640,113.2039195,,0,2,House,"[468.335693359375, 603.2105102539062, 535.2464599609375, 676.7448120117188]",,,,,"11621 County Hwy GG, Town of Chippewa.png","11621 County Hwy GG, Town of Chippewa.png_objects.csv"
0,2,House,"[589.1264038085938, 574.9667358398438, 687.6224975585938, 683.1552124023438]",309.7381298,3333.990256,"2,276",46.48463339,,0,2,House,"[589.1264038085938, 574.9667358398438, 687.6224975585938, 683.1552124023438]",,,,,"11704 Liberty Rd, Town of Chippewa.png","11704 Liberty Rd, Town of Chippewa.png_objects.csv"
6,2,House,"[651.9835205078125, 567.4105834960938, 734.2344970703125, 709.4050903320312]",386.9427346,4165.012901,"2,876",44.8196419,,6,2,House,"[651.9835205078125, 567.4105834960938, 734.2344970703125, 709.4050903320312]",,,,,"11709 Lakeview Dr, Town of Chippewa.png","11709 Lakeview Dr, Town of Chippewa.png_objects.csv"
0,2,House,"[672.2282104492188, 671.462646484375, 739.5458374023438, 767.6214599609375]",216.1831124,2326.973403,1500,55.1315602,,0,2,House,"[672.2282104492188, 671.462646484375, 739.5458374023438, 767.6214599609375]",,,,,"11859 Forest Rd 169, Town of Chippewa.png","11859 Forest Rd 169, Town of Chippewa.png_objects.csv"
0,2,House,"[611.2844848632812, 600.8558959960938, 661.8242797851562, 663.2595825195312]",143.8325364,1548.199038,"1,248",24.0544101,,0,2,House,"[611.2844848632812, 600.8558959960938, 661.8242797851562, 663.2595825195312]",,,,,"12049 Stangle Rd, Town of Chippewa.png","12049 Stangle Rd, Town of Chippewa.png_objects.csv"
0,2,House,"[618.8816528320312, 554.2716064453125, 686.1716918945312, 657.8267822265625]",308.0519935,3315.840853,"2,352",40.9796281,,0,2,House,"[618.8816528320312, 554.2716064453125, 686.1716918945312, 657.8267822265625]",,,,,"12049 State Hwy 13, Town of Chippewa.png","12049 State Hwy 13, Town of Chippewa.png_objects.csv"
0,2,House,"[81.39085388183594, 547.2227783203125, 127.47996520996094, 624.7745361328125]",162.6355109,1750.592376,1269,37.95054184,,0,2,House,"[81.39085388183594, 547.2227783203125, 127.47996520996094, 624.7745361328125]",,,,,"12202 Stangle Rd, Town of Chippewa.png","12202 Stangle Rd, Town of Chippewa.png_objects.csv"
1,2,House,"[627.9644775390625, 593.1392211914062, 671.8460693359375, 669.1017456054688]",151.5478873,1631.246305,1152,41.60124175,,1,2,House,"[627.9644775390625, 593.1392211914062, 671.8460693359375, 669.1017456054688]",,,,,"12291 Witte Rd, Town of Chippewa.png","12291 Witte Rd, Town of Chippewa.png_objects.csv"
0,2,House,"[599.1346435546875, 577.6810302734375, 671.593505859375, 684.2193603515625]",233.5554258,2513.967248,1864,34.86948755,,0,2,House,"[599.1346435546875, 577.6810302734375, 671.593505859375, 684.2193603515625]",,,,,"13647 Mail Route Rd, Town of Chippewa.png","13647 Mail Route Rd, Town of Chippewa.png_objects.csv"
2,1,Garage,"[491.5521240234375, 512.8397827148438, 543.420654296875, 563.3958129882812]",96.31414957,1036.715875,672,54.27319568,,2,1,Garage,"[491.5521240234375, 512.8397827148438, 543.420654296875, 563.3958129882812]",,,,,"13647 Mail Route Rd, Town of Chippewa.png","13647 Mail Route Rd, Town of Chippewa.png_objects.csv"
0,1,Garage,"[558.222900390625, 668.1861572265625, 600.2333984375, 728.294921875]",119.1025372,1282.0078,864,48.38053241,,0,1,Garage,"[558.222900390625, 668.1861572265625, 600.2333984375, 728.294921875]",,,,,"14109 Wagner Vogt Rd, Town of Chippewa.png","14109 Wagner Vogt Rd, Town of Chippewa.png_objects.csv"
0,2,House,"[569.3778686523438, 513.7094116210938, 628.6676635742188, 581.4588012695312]",129.0149749,1388.704288,1120,23.99145429,,0,2,House,"[569.3778686523438, 513.7094116210938, 628.6676635742188, 581.4588012695312]",,,,,"14113 Bush Rd, Town of Chippewa.png","14113 Bush Rd, Town of Chippewa.png_objects.csv"
0,2,House,"[599.6283569335938, 589.7892456054688, 680.3203735351562, 653.7741088867188]",186.0881341,2003.034066,1510,32.65126265,,0,2,House,"[599.6283569335938, 589.7892456054688, 680.3203735351562, 653.7741088867188]",,,,,"14322 Radlinger Rd, Town of Chippewa.png","14322 Radlinger Rd, Town of Chippewa.png_objects.csv"
0,1,Garage,"[606.443359375, 581.4029541015625, 665.23974609375, 659.219482421875]",164.6282175,1772.04167,1456,21.70615865,,0,1,Garage,"[606.443359375, 581.4029541015625, 665.23974609375, 659.219482421875]",,,,,"14616 Radlinger Rd, Town of Chippewa.png","14616 Radlinger Rd, Town of Chippewa.png_objects.csv"
0,5,Trailer,"[634.6527709960938, 572.791259765625, 664.0225219726562, 663.03271484375]",123.2923305,1327.106316,992,33.78087863,,0,5,Trailer,"[634.6527709960938, 572.791259765625, 664.0225219726562, 663.03271484375]",,,,,"15469 Blue Moon Rd, Town of Chippewa.png","15469 Blue Moon Rd, Town of Chippewa.png_objects.csv"
0,2,House,"[673.4407348632812, 468.55780029296875, 806.9977416992188, 594.2785034179688]",315.0009189,3390.638391,2340,44.89907654,,0,2,House,"[673.4407348632812, 468.55780029296875, 806.9977416992188, 594.2785034179688]",,,,,"15910 Wagner Vogt Rd, Town of Chippewa.png","15910 Wagner Vogt Rd, Town of Chippewa.png_objects.csv"
0,2,House,"[614.6161499023438, 601.8843383789062, 676.2979125976562, 665.1563110351562]",122.1682396,1315.006714,1120,17.41131375,,0,2,House,"[614.6161499023438, 601.8843383789062, 676.2979125976562, 665.1563110351562]",,,,,"65548 Fischer Rd, Town of Chippewa.png","65548 Fischer Rd, Town of Chippewa.png_objects.csv"
1,2,House,"[594.0243530273438, 604.9598388671875, 674.2918090820312, 708.9156494140625]",168.1026802,1809.440439,1292,40.04956958,,1,2,House,"[594.0243530273438, 604.9598388671875, 674.2918090820312, 708.9156494140625]",,,,,"65578 Fischer Rd, Town of Chippewa.png","65578 Fischer Rd, Town of Chippewa.png_objects.csv"
0,1,Garage,"[613.1030883789062, 597.5285034179688, 671.2988891601562, 660.8595581054688]",132.4383425,1425.553075,1024,39.21416748,,0,1,Garage,"[613.1030883789062, 597.5285034179688, 671.2988891601562, 660.8595581054688]",,,,,"73740 Bear Lake Rd, Town of Chippewa.png","73740 Bear Lake Rd, Town of Chippewa.png_objects.csv"
0,1,Garage,"[613.1343383789062, 597.5771484375, 672.9995727539062, 660.0244140625]",111.2339011,1197.310588,858,39.54668858,,0,1,Garage,"[613.1343383789062, 597.5771484375, 672.9995727539062, 660.0244140625]",,,,,"75771 West Rd, Town of Chippewa.png","75771 West Rd, Town of Chippewa.png_objects.csv"
1,2,House,"[574.6337280273438, 572.4033813476562, 680.9458618164062, 684.2225952148438]",322.9717451,3476.435567,2652,31.08731399,,1,2,House,"[574.6337280273438, 572.4033813476562, 680.9458618164062, 684.2225952148438]",,,,,"76745 Bear Lake Rd, Town of Chippewa.png","76745 Bear Lake Rd, Town of Chippewa.png_objects.csv"
2,1,Garage,"[782.030029296875, 686.1865234375, 832.9512939453125, 763.5830078125]",185.5771837,1997.534248,"1,440",38.71765611,,2,1,Garage,"[782.030029296875, 686.1865234375, 832.9512939453125, 763.5830078125]",,,,,"76745 Bear Lake Rd, Town of Chippewa.png","76745 Bear Lake Rd, Town of Chippewa.png_objects.csv"
1,2,House,"[618.9590454101562, 596.9791870117188, 678.6973266601562, 658.9990844726562]",169.124581,1820.440077,1295,40.57452332,,1,2,House,"[618.9590454101562, 596.9791870117188, 678.6973266601562, 658.9990844726562]",,,,,"77234 Chippewa Lake Rd, Town of Chippewa.png","77234 Chippewa Lake Rd, Town of Chippewa.png_objects.csv"
0,1,Garage,"[772.4877319335938, 645.8309936523438, 826.3711547851562, 716.4395141601562]",163.1975564,1756.642177,"1,320",33.0789528,,0,1,Garage,"[772.4877319335938, 645.8309936523438, 826.3711547851562, 716.4395141601562]",,,,,"77805 West Rd, Town of Chippewa.png","77805 West Rd, Town of Chippewa.png_objects.csv"
0,2,House,"[617.2960815429688, 579.0082397460938, 673.6466674804688, 675.0299682617188]",183.6866672,1977.184917,1568,26.09597685,,0,2,House,"[617.2960815429688, 579.0082397460938, 673.6466674804688, 675.0299682617188]",,,,,"78214 West Rd, Town of Chippewa.png","78214 West Rd, Town of Chippewa.png_objects.csv"
0,5,Trailer,"[577.9786987304688, 573.8323974609375, 709.4041137695312, 705.13671875]",273.7161269,2946.253019,2376,24.00054794,,0,5,Trailer,"[577.9786987304688, 573.8323974609375, 709.4041137695312, 705.13671875]",,,,,"78310 Bear Lake Rd, Town of Chippewa.png","78310 Bear Lake Rd, Town of Chippewa.png_objects.csv"
0,2,House,"[604.8402709960938, 584.1367797851562, 677.6559448242188, 655.7484741210938]",171.4749528,1845.739244,1424,29.61651994,,0,2,House,"[604.8402709960938, 584.1367797851562, 677.6559448242188, 655.7484741210938]",,,,,"78473 Bear Lake Rd, Town of Chippewa.png","78473 Bear Lake Rd, Town of Chippewa.png_objects.csv"
1,2,House,"[686.4568481445312, 600.95263671875, 760.1609497070312, 679.1932373046875]",171.730428,1848.489154,1480,24.89791581,,1,2,House,"[686.4568481445312, 600.95263671875, 760.1609497070312, 679.1932373046875]",,,,,"78695 Weinberger Rd, Town of Chippewa.png","78695 Weinberger Rd, Town of Chippewa.png_objects.csv"
0,2,House,"[572.787841796875, 572.0706176757812, 726.296142578125, 680.5795288085938]",375.9573011,4046.766793,2824,43.2991074,,0,2,House,"[572.787841796875, 572.0706176757812, 726.296142578125, 680.5795288085938]",,,,,"80322 Graf Rd, Town of Chippewa.png","80322 Graf Rd, Town of Chippewa.png_objects.csv"
,,,,,,,,,,,,,,,,,,
,,,,,,,,,,,,,,,,,,
,,,,,,,,,,,,,,,,,,
,,,,,,,,,,,,,,,,,,
,,,,area_m2_y,area_ft2_y,Ground Truth,Percentage difference,,,,file_x,source_file_x,,,,,,
,,,,187.8131563,2021.602033,1776,13.8289433,,,,"11055 Lakeview Dr, Town of Chippewa.png","11055 Lakeview Dr, Town of Chippewa.png_objects.csv",,,,,,
,,,,91.02746005,979.8104772,864,13.40399042,,,,"11223 Old Grade Rd, Town of Chippewa.png","11223 Old Grade Rd, Town of Chippewa.png_objects.csv",,,,,,
,,,,97.85057556,1053.25381,640,64.57090781,,,,"11621 County Hwy GG, Town of Chippewa.png","11621 County Hwy GG, Town of Chippewa.png_objects.csv",,,,,,
,,,,239.0851225,2573.488351,"2,276",13.07066569,,,,"11704 Liberty Rd, Town of Chippewa.png","11704 Liberty Rd, Town of Chippewa.png_objects.csv",,,,,,
,,,,298.6789233,3214.950062,"2,876",11.78546808,,,,"11709 Lakeview Dr, Town of Chippewa.png","11709 Lakeview Dr, Town of Chippewa.png_objects.csv",,,,,,
,,,,166.8705301,1796.177699,1500,19.74517993,,,,"11859 Forest Rd 169, Town of Chippewa.png","11859 Forest Rd 169, Town of Chippewa.png_objects.csv",,,,,,
,,,,111.0235269,1195.046141,"1,248",-4.243097676,,,,"12049 Stangle Rd, Town of Chippewa.png","12049 Stangle Rd, Town of Chippewa.png_objects.csv",,,,,,
,,,,237.7836034,2559.478929,"2,352",8.821383036,,,,"12049 State Hwy 13, Town of Chippewa.png","12049 State Hwy 13, Town of Chippewa.png_objects.csv",,,,,,
,,,,125.5374373,1351.272422,1269,6.483248385,,,,"12202 Stangle Rd, Town of Chippewa.png","12202 Stangle Rd, Town of Chippewa.png_objects.csv",,,,,,
,,,,116.978963,1259.149859,1152,9.301203038,,,,"12291 Witte Rd, Town of Chippewa.png","12291 Witte Rd, Town of Chippewa.png_objects.csv",,,,,,
,,,,180.2801213,1940.517197,1864,4.104999839,,,,"13647 Mail Route Rd, Town of Chippewa.png","13647 Mail Route Rd, Town of Chippewa.png_objects.csv",,,,,,
,,,,74.34435104,800.2351601,672,19.08261311,,,,"13647 Mail Route Rd, Town of Chippewa.png","13647 Mail Route Rd, Town of Chippewa.png_objects.csv",,,,,,
,,,,91.93457945,989.5746198,864,14.53409951,,,,"14109 Wagner Vogt Rd, Town of Chippewa.png","14109 Wagner Vogt Rd, Town of Chippewa.png_objects.csv",,,,,,
,,,,99.58593441,1071.933039,1120,-4.291692946,,,,"14113 Bush Rd, Town of Chippewa.png","14113 Bush Rd, Town of Chippewa.png_objects.csv",,,,,,
,,,,143.6403854,1546.130744,1510,2.392764503,,,,"14322 Radlinger Rd, Town of Chippewa.png","14322 Radlinger Rd, Town of Chippewa.png_objects.csv",,,,,,
,,,,127.0755963,1367.829011,1456,-6.055699794,,,,"14616 Radlinger Rd, Town of Chippewa.png","14616 Radlinger Rd, Town of Chippewa.png_objects.csv",,,,,,
,,,,95.16865732,1024.385911,992,3.26470877,,,,"15469 Blue Moon Rd, Town of Chippewa.png","15469 Blue Moon Rd, Town of Chippewa.png_objects.csv",,,,,,
,,,,243.1474399,2617.214728,2340,11.84678325,,,,"15910 Wagner Vogt Rd, Town of Chippewa.png","15910 Wagner Vogt Rd, Town of Chippewa.png_objects.csv",,,,,,
,,,,94.30097789,1015.046296,1120,-9.370866429,,,,"65548 Fischer Rd, Town of Chippewa.png","65548 Fischer Rd, Town of Chippewa.png_objects.csv",,,,,,
,,,,129.7575145,1396.696911,1292,8.103476084,,,,"65578 Fischer Rd, Town of Chippewa.png","65578 Fischer Rd, Town of Chippewa.png_objects.csv",,,,,,
,,,,102.2284127,1100.376411,1024,7.458633887,,,,"73740 Bear Lake Rd, Town of Chippewa.png","73740 Bear Lake Rd, Town of Chippewa.png_objects.csv",,,,,,
,,,,85.86082345,924.1973176,858,7.715305082,,,,"75771 West Rd, Town of Chippewa.png","75771 West Rd, Town of Chippewa.png_objects.csv",,,,,,
,,,,249.3000758,2683.441086,2652,1.185561312,,,,"76745 Bear Lake Rd, Town of Chippewa.png","76745 Bear Lake Rd, Town of Chippewa.png_objects.csv",,,,,,
,,,,143.2459857,1541.885465,"1,440",7.075379514,,,,"76745 Bear Lake Rd, Town of Chippewa.png","76745 Bear Lake Rd, Town of Chippewa.png_objects.csv",,,,,,
,,,,130.546314,1405.18747,1295,8.508684942,,,,"77234 Chippewa Lake Rd, Town of Chippewa.png","77234 Chippewa Lake Rd, Town of Chippewa.png_objects.csv",,,,,,
,,,,125.971277,1355.942229,"1,320",2.722896136,,,,"77805 West Rd, Town of Chippewa.png","77805 West Rd, Town of Chippewa.png_objects.csv",,,,,,
,,,,141.7867066,1526.177931,1568,-2.667223788,,,,"78214 West Rd, Town of Chippewa.png","78214 West Rd, Town of Chippewa.png_objects.csv",,,,,,
,,,,211.2799409,2274.196155,2376,-4.284673611,,,,"78310 Bear Lake Rd, Town of Chippewa.png","78310 Bear Lake Rd, Town of Chippewa.png_objects.csv",,,,,,
,,,,132.3605528,1424.715755,1424,0.050263694,,,,"78473 Bear Lake Rd, Town of Chippewa.png","78473 Bear Lake Rd, Town of Chippewa.png_objects.csv",,,,,,
,,,,132.5577527,1426.838394,1480,-3.592000405,,,,"78695 Weinberger Rd, Town of Chippewa.png","78695 Weinberger Rd, Town of Chippewa.png_objects.csv",,,,,,
,,,,290.1993289,3123.676556,2824,10.61177606,,,,"80322 Graf Rd, Town of Chippewa.png","80322 Graf Rd, Town of Chippewa.png_objects.csv",,,,,,
