file,class_id,class_name,score,bbox_xmin,bbox_ymin,bbox_xmax,bbox_ymax
164_jpg.rf.6959529e0f061378f902ad8c2025c713.jpg,4,Propane,0.996482253074646,1658.447021484375,371.6089172363281,1692.23486328125,400.6866760253906
6_png.rf.398edb3665a970c7891a287460694f41.jpg,4,Propane,0.9925947785377502,242.0365753173828,218.51519775390625,261.94158935546875,251.86578369140625
568_jpg.rf.3a03b14472979c9c9f99592bb6e671d4.jpg,4,Propane,0.6491671800613403,968.9839477539062,1608.6087646484375,994.9541625976562,1626.6365966796875
347_jpg.rf.77258e0d643a7377eacaccb0272300c6.jpg,4,Propane,0.9982313513755798,1310.6392822265625,415.58599853515625,1332.1861572265625,449.10137939453125
347_jpg.rf.77258e0d643a7377eacaccb0272300c6.jpg,4,Propane,0.9465007185935974,1499.4246826171875,1788.4139404296875,1532.4276123046875,1806.8663330078125
1_png.rf.01d8a36adbfa208173e8a30f3fe81be2.jpg,4,Propane,0.5669423937797546,1495.4200439453125,636.2579956054688,1523.7955322265625,651.3203735351562
451_jpg.rf.f9242db1416f352ebf6c02a15fa113d5.jpg,4,Propane,0.7878553867340088,954.754150390625,1918.5550537109375,965.8646240234375,1941.7554931640625
295_jpg.rf.fe331e80e556770d1b7d4351971c9e74.jpg,4,Propane,0.9968810081481934,592.398193359375,1849.7899169921875,613.7225341796875,1884.5562744140625
547_jpg.rf.1e3c7bef62fdffb0b912636c00c4f61a.jpg,4,Propane,0.996548593044281,1285.3197021484375,1878.898193359375,1305.9149169921875,1914.576904296875
547_jpg.rf.1e3c7bef62fdffb0b912636c00c4f61a.jpg,4,Propane,0.9910127520561218,1956.4637451171875,1714.341552734375,1986.3148193359375,1734.65283203125
547_jpg.rf.1e3c7bef62fdffb0b912636c00c4f61a.jpg,4,Propane,0.9881284832954407,1940.052734375,1837.3583984375,1974.148193359375,1860.86474609375
547_jpg.rf.1e3c7bef62fdffb0b912636c00c4f61a.jpg,4,Propane,0.9840359091758728,1527.479736328125,826.1981201171875,1560.948974609375,850.526123046875
547_jpg.rf.1e3c7bef62fdffb0b912636c00c4f61a.jpg,4,Propane,0.9773061871528625,2023.6217041015625,1696.293701171875,2048.0,1748.442138671875
547_jpg.rf.1e3c7bef62fdffb0b912636c00c4f61a.jpg,4,Propane,0.9746837615966797,1650.091796875,731.2919921875,1682.7421875,753.122802734375
547_jpg.rf.1e3c7bef62fdffb0b912636c00c4f61a.jpg,4,Propane,0.9551251530647278,1554.8980712890625,1594.2237548828125,1588.9700927734375,1616.0155029296875
547_jpg.rf.1e3c7bef62fdffb0b912636c00c4f61a.jpg,4,Propane,0.9368255734443665,1836.8233642578125,820.25341796875,1889.1307373046875,845.760498046875
4_png.rf.e84bb8f46953a959c79d601a05f8afb9.jpg,4,Propane,0.8239442110061646,1870.359375,478.96295166015625,1916.35595703125,494.85357666015625
169_jpg.rf.2c9d3ae029936c32a6d6162cf3756332.jpg,4,Propane,0.9922100305557251,1536.5648193359375,307.0939636230469,1569.3314208984375,325.4198303222656
74_jpg.rf.630a9749a13de8adb20b1d6cc5724ba7.jpg,4,Propane,0.9912534356117249,200.42721557617188,452.5063781738281,223.70101928710938,488.4425354003906
930_jpg.rf.cb216043030c796502b7f3e240407429.jpg,4,Propane,0.9984976053237915,1179.51953125,311.6590881347656,1213.02392578125,339.6333923339844
930_jpg.rf.cb216043030c796502b7f3e240407429.jpg,4,Propane,0.9881104230880737,1687.752197265625,559.6593017578125,1708.26611328125,590.272705078125
930_jpg.rf.cb216043030c796502b7f3e240407429.jpg,4,Propane,0.9784767031669617,1898.36328125,1612.8681640625,1913.881591796875,1637.406494140625
930_jpg.rf.cb216043030c796502b7f3e240407429.jpg,4,Propane,0.9776851534843445,1478.6072998046875,550.3920288085938,1508.2264404296875,573.9439086914062
713_jpg.rf.0d884eac06fa113a137436bda1b1b6ea.jpg,4,Propane,0.9979484677314758,1795.5982666015625,1961.021728515625,1826.8123779296875,1981.23779296875
713_jpg.rf.0d884eac06fa113a137436bda1b1b6ea.jpg,4,Propane,0.9956791996955872,1767.224365234375,1868.1573486328125,1797.8740234375,1886.3197021484375
713_jpg.rf.0d884eac06fa113a137436bda1b1b6ea.jpg,4,Propane,0.9943026304244995,945.0286254882812,1829.9530029296875,970.4070434570312,1866.4805908203125
713_jpg.rf.0d884eac06fa113a137436bda1b1b6ea.jpg,4,Propane,0.9930042624473572,1428.0306396484375,1435.737060546875,1465.1563720703125,1460.705810546875
713_jpg.rf.0d884eac06fa113a137436bda1b1b6ea.jpg,4,Propane,0.992771327495575,1762.88623046875,1953.4647216796875,1796.198486328125,1972.6278076171875
713_jpg.rf.0d884eac06fa113a137436bda1b1b6ea.jpg,4,Propane,0.9885022640228271,1744.3095703125,1783.8167724609375,1770.213134765625,1801.7125244140625
713_jpg.rf.0d884eac06fa113a137436bda1b1b6ea.jpg,4,Propane,0.9861348271369934,1739.651611328125,1848.5623779296875,1768.224609375,1865.6448974609375
713_jpg.rf.0d884eac06fa113a137436bda1b1b6ea.jpg,4,Propane,0.9860382676124573,469.503662109375,1314.2847900390625,509.19525146484375,1340.3995361328125
713_jpg.rf.0d884eac06fa113a137436bda1b1b6ea.jpg,4,Propane,0.9810487031936646,1863.98828125,711.0763549804688,1886.76025390625,758.5465698242188
713_jpg.rf.0d884eac06fa113a137436bda1b1b6ea.jpg,4,Propane,0.9711851477622986,1882.9049072265625,1487.327392578125,1909.3626708984375,1536.976318359375
713_jpg.rf.0d884eac06fa113a137436bda1b1b6ea.jpg,4,Propane,0.9669690132141113,1741.6661376953125,1881.7220458984375,1772.5177001953125,1896.1566162109375
713_jpg.rf.0d884eac06fa113a137436bda1b1b6ea.jpg,4,Propane,0.9622361063957214,1762.095947265625,1841.2850341796875,1787.71875,1857.2813720703125
713_jpg.rf.0d884eac06fa113a137436bda1b1b6ea.jpg,4,Propane,0.9616237282752991,1750.104736328125,1801.3343505859375,1777.23974609375,1815.8841552734375
713_jpg.rf.0d884eac06fa113a137436bda1b1b6ea.jpg,4,Propane,0.960466742515564,1764.067138671875,1857.2669677734375,1789.93359375,1872.5606689453125
713_jpg.rf.0d884eac06fa113a137436bda1b1b6ea.jpg,4,Propane,0.9595147967338562,1742.4207763671875,1879.466552734375,1772.3480224609375,1893.69091796875
713_jpg.rf.0d884eac06fa113a137436bda1b1b6ea.jpg,4,Propane,0.9588099122047424,1773.89892578125,1885.7958984375,1804.242919921875,1902.42822265625
713_jpg.rf.0d884eac06fa113a137436bda1b1b6ea.jpg,4,Propane,0.9581087231636047,1773.1171875,1984.491455078125,1804.44140625,1998.424560546875
713_jpg.rf.0d884eac06fa113a137436bda1b1b6ea.jpg,4,Propane,0.9512545466423035,1769.9627685546875,1970.3194580078125,1796.9769287109375,1986.3966064453125
713_jpg.rf.0d884eac06fa113a137436bda1b1b6ea.jpg,4,Propane,0.9405028223991394,1761.753662109375,1938.813232421875,1790.326171875,1955.891357421875
713_jpg.rf.0d884eac06fa113a137436bda1b1b6ea.jpg,4,Propane,0.9401279091835022,1747.30322265625,1895.47265625,1779.791748046875,1910.161865234375
713_jpg.rf.0d884eac06fa113a137436bda1b1b6ea.jpg,4,Propane,0.9378495216369629,679.275634765625,1633.050537109375,716.0185546875,1669.63818359375
713_jpg.rf.0d884eac06fa113a137436bda1b1b6ea.jpg,4,Propane,0.9368081092834473,1737.977294921875,1851.7828369140625,1768.104248046875,1867.8170166015625
713_jpg.rf.0d884eac06fa113a137436bda1b1b6ea.jpg,4,Propane,0.9304352402687073,1750.96826171875,1909.2889404296875,1781.431640625,1925.2069091796875
713_jpg.rf.0d884eac06fa113a137436bda1b1b6ea.jpg,4,Propane,0.930042564868927,1738.656005859375,1832.3724365234375,1772.456787109375,1849.8382568359375
713_jpg.rf.0d884eac06fa113a137436bda1b1b6ea.jpg,4,Propane,0.9288543462753296,1786.3602294921875,1932.6080322265625,1815.0750732421875,1950.0416259765625
713_jpg.rf.0d884eac06fa113a137436bda1b1b6ea.jpg,4,Propane,0.9262946844100952,1741.2337646484375,1864.9642333984375,1769.4586181640625,1879.7872314453125
713_jpg.rf.0d884eac06fa113a137436bda1b1b6ea.jpg,4,Propane,0.9094681739807129,667.4720458984375,1679.3565673828125,704.6136474609375,1708.3824462890625
713_jpg.rf.0d884eac06fa113a137436bda1b1b6ea.jpg,4,Propane,0.8873823285102844,1725.03857421875,1789.8043212890625,1755.051513671875,1804.0816650390625
713_jpg.rf.0d884eac06fa113a137436bda1b1b6ea.jpg,4,Propane,0.8869065046310425,1791.6234130859375,1949.25244140625,1817.9700927734375,1964.121337890625
713_jpg.rf.0d884eac06fa113a137436bda1b1b6ea.jpg,4,Propane,0.8752581477165222,921.4971923828125,1750.9232177734375,947.1790771484375,1799.8363037109375
713_jpg.rf.0d884eac06fa113a137436bda1b1b6ea.jpg,4,Propane,0.8748456239700317,1725.1954345703125,1787.5517578125,1766.6104736328125,1804.427734375
713_jpg.rf.0d884eac06fa113a137436bda1b1b6ea.jpg,4,Propane,0.8713898062705994,1736.3582763671875,1816.273681640625,1776.3238525390625,1833.151123046875
713_jpg.rf.0d884eac06fa113a137436bda1b1b6ea.jpg,4,Propane,0.8696290850639343,1778.311767578125,1918.1895751953125,1807.259033203125,1935.4942626953125
713_jpg.rf.0d884eac06fa113a137436bda1b1b6ea.jpg,4,Propane,0.8572631478309631,1779.180908203125,1921.0699462890625,1809.847900390625,1938.3243408203125
713_jpg.rf.0d884eac06fa113a137436bda1b1b6ea.jpg,4,Propane,0.8474932909011841,1753.162109375,1905.703369140625,1782.58837890625,1923.082275390625
713_jpg.rf.0d884eac06fa113a137436bda1b1b6ea.jpg,4,Propane,0.8453655242919922,1776.6494140625,1902.4716796875,1804.063232421875,1920.618896484375
713_jpg.rf.0d884eac06fa113a137436bda1b1b6ea.jpg,4,Propane,0.8334140777587891,1745.5595703125,1879.856689453125,1772.047119140625,1898.20654296875
713_jpg.rf.0d884eac06fa113a137436bda1b1b6ea.jpg,4,Propane,0.8297643661499023,1752.51025390625,1913.8514404296875,1780.83984375,1926.7850341796875
713_jpg.rf.0d884eac06fa113a137436bda1b1b6ea.jpg,4,Propane,0.8235951066017151,1726.1829833984375,1806.2744140625,1757.9141845703125,1819.33447265625
713_jpg.rf.0d884eac06fa113a137436bda1b1b6ea.jpg,4,Propane,0.8160016536712646,1784.6519775390625,1930.9678955078125,1813.5181884765625,1947.2947998046875
713_jpg.rf.0d884eac06fa113a137436bda1b1b6ea.jpg,4,Propane,0.8104649186134338,1748.100341796875,1891.22216796875,1778.130126953125,1907.01611328125
713_jpg.rf.0d884eac06fa113a137436bda1b1b6ea.jpg,4,Propane,0.8069040775299072,1757.9757080078125,1922.3302001953125,1785.2218017578125,1936.9207763671875
713_jpg.rf.0d884eac06fa113a137436bda1b1b6ea.jpg,4,Propane,0.8031216263771057,1750.437255859375,1893.24853515625,1774.916259765625,1913.440673828125
713_jpg.rf.0d884eac06fa113a137436bda1b1b6ea.jpg,4,Propane,0.7796493172645569,1759.399169921875,1921.1864013671875,1794.869384765625,1938.5572509765625
713_jpg.rf.0d884eac06fa113a137436bda1b1b6ea.jpg,4,Propane,0.7693308591842651,576.9635009765625,997.5199584960938,622.40283203125,1013.7197875976562
713_jpg.rf.0d884eac06fa113a137436bda1b1b6ea.jpg,4,Propane,0.7691377401351929,1769.393798828125,1977.26025390625,1799.753662109375,1988.101806640625
713_jpg.rf.0d884eac06fa113a137436bda1b1b6ea.jpg,4,Propane,0.7597764134407043,1729.341064453125,1807.967041015625,1755.7509765625,1820.597412109375
713_jpg.rf.0d884eac06fa113a137436bda1b1b6ea.jpg,4,Propane,0.7596899271011353,1785.29052734375,1936.552001953125,1813.47119140625,1950.63916015625
713_jpg.rf.0d884eac06fa113a137436bda1b1b6ea.jpg,4,Propane,0.7533982396125793,1737.132568359375,1814.83056640625,1781.750732421875,1872.650390625
713_jpg.rf.0d884eac06fa113a137436bda1b1b6ea.jpg,4,Propane,0.746037483215332,1729.81982421875,1800.794921875,1780.316650390625,1848.77978515625
713_jpg.rf.0d884eac06fa113a137436bda1b1b6ea.jpg,4,Propane,0.7384185194969177,1773.2513427734375,1980.559326171875,1803.3939208984375,1993.4599609375
713_jpg.rf.0d884eac06fa113a137436bda1b1b6ea.jpg,4,Propane,0.7361243367195129,1801.5863037109375,1672.24560546875,1830.8055419921875,1686.7138671875
713_jpg.rf.0d884eac06fa113a137436bda1b1b6ea.jpg,4,Propane,0.7344687581062317,1771.3028564453125,1980.7552490234375,1801.0389404296875,1989.7188720703125
713_jpg.rf.0d884eac06fa113a137436bda1b1b6ea.jpg,4,Propane,0.7109110355377197,1749.4163818359375,1899.1798095703125,1780.6292724609375,1914.3480224609375
713_jpg.rf.0d884eac06fa113a137436bda1b1b6ea.jpg,4,Propane,0.7104575037956238,1751.625732421875,1905.386962890625,1780.007080078125,1918.7822265625
713_jpg.rf.0d884eac06fa113a137436bda1b1b6ea.jpg,4,Propane,0.692715048789978,1787.688232421875,1947.267578125,1816.343994140625,1961.84521484375
713_jpg.rf.0d884eac06fa113a137436bda1b1b6ea.jpg,4,Propane,0.6652358174324036,1733.0723876953125,1802.606689453125,1777.4027099609375,1869.328369140625
713_jpg.rf.0d884eac06fa113a137436bda1b1b6ea.jpg,4,Propane,0.6629181504249573,1757.47802734375,1924.028076171875,1787.860107421875,1939.580322265625
713_jpg.rf.0d884eac06fa113a137436bda1b1b6ea.jpg,4,Propane,0.6530716419219971,1766.257080078125,1861.2464599609375,1789.643310546875,1873.6439208984375
713_jpg.rf.0d884eac06fa113a137436bda1b1b6ea.jpg,4,Propane,0.642913281917572,1763.219482421875,1921.8238525390625,1788.965087890625,1938.8489990234375
713_jpg.rf.0d884eac06fa113a137436bda1b1b6ea.jpg,4,Propane,0.6295204162597656,1729.122314453125,1801.27734375,1759.4853515625,1816.349609375
713_jpg.rf.0d884eac06fa113a137436bda1b1b6ea.jpg,4,Propane,0.6212027668952942,1762.5552978515625,1846.1939697265625,1788.4764404296875,1861.2706298828125
713_jpg.rf.0d884eac06fa113a137436bda1b1b6ea.jpg,4,Propane,0.61298006772995,1738.692138671875,1830.3194580078125,1785.075927734375,1875.5853271484375
713_jpg.rf.0d884eac06fa113a137436bda1b1b6ea.jpg,4,Propane,0.6124870777130127,1738.778076171875,1827.4725341796875,1781.572021484375,1894.9468994140625
713_jpg.rf.0d884eac06fa113a137436bda1b1b6ea.jpg,4,Propane,0.590775191783905,1765.535400390625,1936.919677734375,1818.262939453125,1980.343505859375
713_jpg.rf.0d884eac06fa113a137436bda1b1b6ea.jpg,4,Propane,0.5853559374809265,1752.609130859375,1911.5731201171875,1775.67578125,1925.6593017578125
713_jpg.rf.0d884eac06fa113a137436bda1b1b6ea.jpg,4,Propane,0.5843522548675537,1760.629638671875,1946.6435546875,1789.921142578125,1959.847900390625
713_jpg.rf.0d884eac06fa113a137436bda1b1b6ea.jpg,4,Propane,0.5802629590034485,1786.6409912109375,1939.7449951171875,1815.9659423828125,1953.9486083984375
713_jpg.rf.0d884eac06fa113a137436bda1b1b6ea.jpg,4,Propane,0.5738929510116577,1782.0859375,1924.3642578125,1810.766357421875,1941.2958984375
713_jpg.rf.0d884eac06fa113a137436bda1b1b6ea.jpg,4,Propane,0.5722951292991638,1755.1195068359375,1915.478759765625,1782.5472412109375,1928.268798828125
713_jpg.rf.0d884eac06fa113a137436bda1b1b6ea.jpg,4,Propane,0.557598888874054,1790.535400390625,1954.4754638671875,1816.78125,1966.2652587890625
713_jpg.rf.0d884eac06fa113a137436bda1b1b6ea.jpg,4,Propane,0.5563700795173645,1755.409912109375,1911.660888671875,1783.761962890625,1926.14111328125
713_jpg.rf.0d884eac06fa113a137436bda1b1b6ea.jpg,4,Propane,0.5519453883171082,1750.8448486328125,1897.3480224609375,1777.0635986328125,1912.2261962890625
713_jpg.rf.0d884eac06fa113a137436bda1b1b6ea.jpg,4,Propane,0.5506949424743652,1735.1546630859375,1810.924072265625,1785.1697998046875,1852.858642578125
713_jpg.rf.0d884eac06fa113a137436bda1b1b6ea.jpg,4,Propane,0.5141516327857971,1758.6702880859375,1938.17578125,1788.8028564453125,1951.624755859375
713_jpg.rf.0d884eac06fa113a137436bda1b1b6ea.jpg,4,Propane,0.5104928016662598,1770.185546875,1966.950439453125,1802.2509765625,1983.10400390625
713_jpg.rf.0d884eac06fa113a137436bda1b1b6ea.jpg,4,Propane,0.4988558292388916,1767.89599609375,1952.8763427734375,1818.501953125,1996.4495849609375
713_jpg.rf.0d884eac06fa113a137436bda1b1b6ea.jpg,4,Propane,0.49528607726097107,1733.634033203125,1817.8927001953125,1767.66552734375,1833.1412353515625
713_jpg.rf.0d884eac06fa113a137436bda1b1b6ea.jpg,4,Propane,0.48970672488212585,1761.0968017578125,1904.1026611328125,1809.8743896484375,1948.5560302734375
713_jpg.rf.0d884eac06fa113a137436bda1b1b6ea.jpg,4,Propane,0.48691266775131226,1764.32275390625,1855.7835693359375,1788.08056640625,1866.8626708984375
713_jpg.rf.0d884eac06fa113a137436bda1b1b6ea.jpg,4,Propane,0.4798189401626587,1762.082763671875,1943.6444091796875,1806.90673828125,1986.8668212890625
713_jpg.rf.0d884eac06fa113a137436bda1b1b6ea.jpg,4,Propane,0.47801128029823303,1727.8095703125,1811.4117431640625,1757.510009765625,1823.2708740234375
713_jpg.rf.0d884eac06fa113a137436bda1b1b6ea.jpg,4,Propane,0.47208160161972046,1753.5316162109375,1918.165771484375,1781.8643798828125,1929.157958984375
713_jpg.rf.0d884eac06fa113a137436bda1b1b6ea.jpg,4,Propane,0.4692307412624359,1765.978271484375,1963.827392578125,1797.947998046875,1977.60009765625
713_jpg.rf.0d884eac06fa113a137436bda1b1b6ea.jpg,4,Propane,0.4603971242904663,1753.9527587890625,1896.2880859375,1802.7510986328125,1941.816162109375
713_jpg.rf.0d884eac06fa113a137436bda1b1b6ea.jpg,4,Propane,0.44297119975090027,1768.705810546875,1904.9537353515625,1816.0224609375,1967.1575927734375
713_jpg.rf.0d884eac06fa113a137436bda1b1b6ea.jpg,4,Propane,0.4393998384475708,1736.6085205078125,1822.2218017578125,1770.3548583984375,1835.4158935546875
713_jpg.rf.0d884eac06fa113a137436bda1b1b6ea.jpg,4,Propane,0.43417564034461975,1749.7958984375,1905.3038330078125,1776.70654296875,1916.1365966796875
61_png.rf.e8170ce66c1f0051a82e8f634037e29a.jpg,4,Propane,0.6056564450263977,1881.2691650390625,1717.8748779296875,1903.3453369140625,1731.9149169921875
888_jpg.rf.2eec2c6a33251d4f45edcdcb8a0f3c58.jpg,4,Propane,0.993114173412323,1038.2618408203125,1510.0169677734375,1060.3192138671875,1558.8516845703125
60_png.rf.75aa89471b6abcfffa9b9b852dfae42b.jpg,4,Propane,0.9826268553733826,782.3090209960938,261.7987976074219,805.2982788085938,295.7632141113281
60_png.rf.75aa89471b6abcfffa9b9b852dfae42b.jpg,4,Propane,0.9642865061759949,581.1900024414062,1515.4351806640625,598.7106323242188,1547.1614990234375
60_png.rf.75aa89471b6abcfffa9b9b852dfae42b.jpg,4,Propane,0.9075160026550293,547.4551391601562,157.17710876464844,569.0664672851562,186.84458923339844
60_png.rf.75aa89471b6abcfffa9b9b852dfae42b.jpg,4,Propane,0.9028803706169128,42.87334442138672,80.8882064819336,88.99236297607422,93.84345245361328
60_png.rf.75aa89471b6abcfffa9b9b852dfae42b.jpg,4,Propane,0.8121079206466675,342.47998046875,618.7050170898438,394.33551025390625,635.6596069335938
373_jpg.rf.2ebac72798cd2702441ede7cb997522b.jpg,4,Propane,0.9948925971984863,1746.1861572265625,1058.1845703125,1764.2471923828125,1087.9169921875
373_jpg.rf.2ebac72798cd2702441ede7cb997522b.jpg,4,Propane,0.9903191328048706,713.5003662109375,1924.8077392578125,747.3775634765625,1948.0435791015625
373_jpg.rf.2ebac72798cd2702441ede7cb997522b.jpg,4,Propane,0.9891210198402405,1238.9520263671875,808.5758666992188,1272.0120849609375,830.6270141601562
13_jpg.rf.e13f67845c9e1aeacfc5200c7e309fef.jpg,4,Propane,0.9977235198020935,1263.5072021484375,616.841552734375,1301.2298583984375,642.479736328125
13_jpg.rf.e13f67845c9e1aeacfc5200c7e309fef.jpg,4,Propane,0.9967290163040161,232.8125457763672,551.6304321289062,261.64874267578125,567.5781860351562
13_jpg.rf.e13f67845c9e1aeacfc5200c7e309fef.jpg,4,Propane,0.9963493347167969,674.8545532226562,1456.25830078125,702.3930053710938,1475.84912109375
13_jpg.rf.e13f67845c9e1aeacfc5200c7e309fef.jpg,4,Propane,0.9807575941085815,1283.2867431640625,1420.9281005859375,1313.7557373046875,1446.4368896484375
13_jpg.rf.e13f67845c9e1aeacfc5200c7e309fef.jpg,4,Propane,0.30146709084510803,2033.58740234375,1466.4027099609375,2048.0,1483.6356201171875
41_png.rf.12a2b3b96d3488f3a7a8117e1f6260b9.jpg,4,Propane,0.9818785786628723,1243.9058837890625,1319.4449462890625,1279.3892822265625,1344.3155517578125
41_png.rf.12a2b3b96d3488f3a7a8117e1f6260b9.jpg,4,Propane,0.9739401936531067,1554.8939208984375,1313.470947265625,1607.0072021484375,1337.80712890625
41_png.rf.12a2b3b96d3488f3a7a8117e1f6260b9.jpg,4,Propane,0.967961847782135,1369.4072265625,1224.8973388671875,1400.27490234375,1245.5599365234375
897_jpg.rf.f9e4bf392e11d2c4ce71e4e085aca3b8.jpg,4,Propane,0.9940875768661499,731.0364379882812,909.638916015625,761.8185424804688,937.030517578125
904_jpg.rf.7052a8d01f863a5e16e1e9015f5320c1.jpg,4,Propane,0.9955567717552185,893.6870727539062,1852.4888916015625,923.1012573242188,1876.4635009765625
904_jpg.rf.7052a8d01f863a5e16e1e9015f5320c1.jpg,4,Propane,0.9944685697555542,915.823486328125,1264.6314697265625,943.796142578125,1289.7747802734375
904_jpg.rf.7052a8d01f863a5e16e1e9015f5320c1.jpg,4,Propane,0.9932960867881775,303.4354553222656,1510.3673095703125,331.9341125488281,1540.1339111328125
904_jpg.rf.7052a8d01f863a5e16e1e9015f5320c1.jpg,4,Propane,0.9898785352706909,382.8896484375,996.5266723632812,407.1494140625,1011.9537963867188
904_jpg.rf.7052a8d01f863a5e16e1e9015f5320c1.jpg,4,Propane,0.9880889058113098,1978.698974609375,138.27505493164062,2012.25830078125,155.50167846679688
904_jpg.rf.7052a8d01f863a5e16e1e9015f5320c1.jpg,4,Propane,0.5731942057609558,884.78662109375,697.1326293945312,902.029541015625,726.3882446289062
937_jpg.rf.0cf1759f5334b81dc30620a271af8f5e.jpg,4,Propane,0.9937923550605774,800.1265258789062,1066.045166015625,817.2339477539062,1098.530517578125
937_jpg.rf.0cf1759f5334b81dc30620a271af8f5e.jpg,4,Propane,0.9670755863189697,303.51800537109375,1023.6845703125,323.44110107421875,1053.301025390625
161_jpg.rf.e429b819d7be30dbce2eb7647c4f2a3e.jpg,4,Propane,0.9971187114715576,1611.8521728515625,414.56903076171875,1640.4996337890625,442.0697021484375
161_jpg.rf.e429b819d7be30dbce2eb7647c4f2a3e.jpg,4,Propane,0.9928665161132812,936.0620727539062,1025.83349609375,957.1685180664062,1055.464599609375
161_jpg.rf.e429b819d7be30dbce2eb7647c4f2a3e.jpg,4,Propane,0.9893310070037842,1959.892822265625,1384.302978515625,1980.71044921875,1413.340576171875
161_jpg.rf.e429b819d7be30dbce2eb7647c4f2a3e.jpg,4,Propane,0.93229079246521,1116.1014404296875,1618.860595703125,1146.8328857421875,1647.321044921875
7_png.rf.67b69c39fcad58ca0d467542c1edfc77.jpg,4,Propane,0.9919617772102356,678.2753295898438,171.1498260498047,706.1360473632812,188.6582489013672
7_png.rf.67b69c39fcad58ca0d467542c1edfc77.jpg,4,Propane,0.753023624420166,1134.100830078125,700.3140258789062,1179.71728515625,715.5302124023438
7_png.rf.67b69c39fcad58ca0d467542c1edfc77.jpg,4,Propane,0.7496185898780823,218.40415954589844,602.7046508789062,232.69969177246094,633.7228393554688
7_png.rf.67b69c39fcad58ca0d467542c1edfc77.jpg,4,Propane,0.3014843165874481,221.87176513671875,665.3814086914062,235.12396240234375,701.5548706054688
791_jpg.rf.1e13cca13b33e5338e122975870c2e72.jpg,4,Propane,0.9963812232017517,1606.97607421875,503.9091796875,1632.602294921875,527.7423095703125
791_jpg.rf.1e13cca13b33e5338e122975870c2e72.jpg,4,Propane,0.9955129027366638,1002.5162963867188,177.0915069580078,1033.6807861328125,199.60035705566406
791_jpg.rf.1e13cca13b33e5338e122975870c2e72.jpg,4,Propane,0.993883490562439,1676.7333984375,828.2896118164062,1694.662841796875,861.7196655273438
791_jpg.rf.1e13cca13b33e5338e122975870c2e72.jpg,4,Propane,0.9930496215820312,1044.6181640625,1445.71484375,1075.5498046875,1474.79931640625
791_jpg.rf.1e13cca13b33e5338e122975870c2e72.jpg,4,Propane,0.9828898310661316,725.0257568359375,635.7908325195312,742.986572265625,663.7521362304688
791_jpg.rf.1e13cca13b33e5338e122975870c2e72.jpg,4,Propane,0.9770010113716125,863.8646850585938,1019.5078735351562,882.5072631835938,1046.5048828125
234_jpg.rf.05fdb844b4a27c0318dd7d9ce8b3d2a7.jpg,4,Propane,0.9986617565155029,113.87480163574219,900.002197265625,145.75303649902344,932.4986572265625
234_jpg.rf.05fdb844b4a27c0318dd7d9ce8b3d2a7.jpg,4,Propane,0.9938836097717285,1223.661376953125,1582.31787109375,1250.44140625,1614.445556640625
234_jpg.rf.05fdb844b4a27c0318dd7d9ce8b3d2a7.jpg,4,Propane,0.9890908598899841,1132.862060546875,550.6674194335938,1155.565673828125,581.9869995117188
234_jpg.rf.05fdb844b4a27c0318dd7d9ce8b3d2a7.jpg,4,Propane,0.9827782511711121,458.9360046386719,621.13037109375,494.3092346191406,661.296142578125
234_jpg.rf.05fdb844b4a27c0318dd7d9ce8b3d2a7.jpg,4,Propane,0.9139699339866638,1434.9534912109375,828.5107421875,1465.7440185546875,845.485107421875
234_jpg.rf.05fdb844b4a27c0318dd7d9ce8b3d2a7.jpg,4,Propane,0.5024178624153137,1071.6004638671875,486.4972229003906,1094.6385498046875,500.9052429199219
512_jpg.rf.ab1db40b5df76cdf3b1807edad6dc020.jpg,4,Propane,0.887531042098999,556.3917846679688,243.231689453125,601.5405883789062,264.8318176269531
512_jpg.rf.ab1db40b5df76cdf3b1807edad6dc020.jpg,4,Propane,0.8091341853141785,826.8292236328125,854.3314819335938,851.478515625,870.2793579101562
512_jpg.rf.ab1db40b5df76cdf3b1807edad6dc020.jpg,4,Propane,0.3176184296607971,550.361328125,238.23873901367188,603.7071533203125,265.39105224609375
512_jpg.rf.ab1db40b5df76cdf3b1807edad6dc020.jpg,4,Propane,0.28005027770996094,825.89208984375,852.4417724609375,852.628173828125,873.5181884765625
221_jpg.rf.81a7fc5563e3315c1e3a52368aa7f706.jpg,4,Propane,0.9954995512962341,824.1939086914062,1174.2176513671875,846.2798461914062,1208.2901611328125
221_jpg.rf.81a7fc5563e3315c1e3a52368aa7f706.jpg,4,Propane,0.9951567053794861,658.5734252929688,1684.1265869140625,682.7752075195312,1720.1739501953125
221_jpg.rf.81a7fc5563e3315c1e3a52368aa7f706.jpg,4,Propane,0.9942016005516052,1884.78466796875,423.9600830078125,1917.0107421875,456.844482421875
221_jpg.rf.81a7fc5563e3315c1e3a52368aa7f706.jpg,4,Propane,0.9911282062530518,1433.9637451171875,1323.4007568359375,1467.7066650390625,1341.7874755859375
1007_jpg.rf.27bb229c337611e05c018e009828b75c.jpg,4,Propane,0.9946163296699524,235.7794647216797,1212.5875244140625,255.0756072998047,1247.5787353515625
850_jpg.rf.3aa627bd9bc77f889791e7f231fe1fed.jpg,4,Propane,0.6430051326751709,459.09942626953125,1770.5216064453125,473.656005859375,1798.6949462890625
850_jpg.rf.3aa627bd9bc77f889791e7f231fe1fed.jpg,4,Propane,0.5512549877166748,1763.1351318359375,1645.7166748046875,1784.0455322265625,1662.1749267578125
850_jpg.rf.3aa627bd9bc77f889791e7f231fe1fed.jpg,4,Propane,0.3073744475841522,1844.737060546875,1849.491943359375,1874.544677734375,1861.296875
792_jpg.rf.c4d685e756c16b53e3f4f951a9df9020.jpg,4,Propane,0.9982784986495972,1026.3375244140625,1967.560791015625,1040.0120849609375,2000.37353515625
792_jpg.rf.c4d685e756c16b53e3f4f951a9df9020.jpg,4,Propane,0.9981641173362732,1662.37451171875,370.2600402832031,1680.550537109375,403.6947937011719
792_jpg.rf.c4d685e756c16b53e3f4f951a9df9020.jpg,4,Propane,0.9979642629623413,412.3968200683594,1984.5780029296875,427.8636169433594,2014.6561279296875
792_jpg.rf.c4d685e756c16b53e3f4f951a9df9020.jpg,4,Propane,0.9950740933418274,931.135498046875,1191.0809326171875,947.858154296875,1225.8612060546875
792_jpg.rf.c4d685e756c16b53e3f4f951a9df9020.jpg,4,Propane,0.994655966758728,1581.087158203125,792.7631225585938,1597.314697265625,823.4141235351562
792_jpg.rf.c4d685e756c16b53e3f4f951a9df9020.jpg,4,Propane,0.9945409893989563,935.2114868164062,753.2669067382812,964.9989624023438,790.0230102539062
792_jpg.rf.c4d685e756c16b53e3f4f951a9df9020.jpg,4,Propane,0.9923783540725708,1265.218017578125,29.258163452148438,1295.262939453125,46.3411865234375
792_jpg.rf.c4d685e756c16b53e3f4f951a9df9020.jpg,4,Propane,0.9894247055053711,531.8490600585938,1892.8970947265625,577.3322143554688,1908.3187255859375
792_jpg.rf.c4d685e756c16b53e3f4f951a9df9020.jpg,4,Propane,0.9869518280029297,948.1334228515625,335.828857421875,962.6673583984375,363.8480224609375
792_jpg.rf.c4d685e756c16b53e3f4f951a9df9020.jpg,4,Propane,0.9844829440116882,866.4547119140625,1915.2657470703125,884.24951171875,1946.7515869140625
792_jpg.rf.c4d685e756c16b53e3f4f951a9df9020.jpg,4,Propane,0.3035224676132202,1376.0975341796875,973.7625732421875,1398.4410400390625,997.4990234375
1029_jpg.rf.21196422d0eab7119ee7235a8e183180.jpg,4,Propane,0.8062611818313599,1835.9462890625,172.49087524414062,1852.526611328125,196.772216796875
589_jpg.rf.5bdffd34a95add8bfe3eed0e45535d1e.jpg,4,Propane,0.9944215416908264,1915.33154296875,44.245460510253906,1940.7802734375,80.44767761230469
589_jpg.rf.5bdffd34a95add8bfe3eed0e45535d1e.jpg,4,Propane,0.9927303194999695,1774.47021484375,484.24554443359375,1796.7060546875,518.3367919921875
589_jpg.rf.5bdffd34a95add8bfe3eed0e45535d1e.jpg,4,Propane,0.97569340467453,1417.0859375,523.4959716796875,1454.20654296875,541.4459228515625
764_jpg.rf.fe0c9251340ae21e2f29882c2ac77903.jpg,4,Propane,0.42771634459495544,1412.8067626953125,1728.7939453125,1430.9400634765625,1756.5703125
929_jpg.rf.2ae514a1301bf196d43766d001ff5dd6.jpg,4,Propane,0.992800235748291,1203.5947265625,615.94970703125,1225.640869140625,651.5765380859375
929_jpg.rf.2ae514a1301bf196d43766d001ff5dd6.jpg,4,Propane,0.9102005958557129,1932.4345703125,1504.730224609375,1944.61279296875,1527.018310546875
929_jpg.rf.2ae514a1301bf196d43766d001ff5dd6.jpg,4,Propane,0.4910336434841156,1685.259765625,1153.119873046875,1700.311767578125,1183.24658203125
921_jpg.rf.a3133857722eb7c0005b102dd20c872b.jpg,4,Propane,0.9968811273574829,492.5841369628906,1521.3958740234375,521.5664672851562,1553.9613037109375
921_jpg.rf.a3133857722eb7c0005b102dd20c872b.jpg,4,Propane,0.9831349849700928,1171.8548583984375,1485.3714599609375,1198.0440673828125,1516.9803466796875
921_jpg.rf.a3133857722eb7c0005b102dd20c872b.jpg,4,Propane,0.9390929937362671,2018.348876953125,779.6134643554688,2032.384033203125,806.8161010742188
746_jpg.rf.89b9080604a5cd6309f9c52e3a617190.jpg,4,Propane,0.9961528182029724,661.5245971679688,273.0294494628906,704.8323364257812,290.3202819824219
746_jpg.rf.89b9080604a5cd6309f9c52e3a617190.jpg,4,Propane,0.9931989312171936,365.3096923828125,1584.938720703125,384.0001220703125,1618.21240234375
746_jpg.rf.89b9080604a5cd6309f9c52e3a617190.jpg,4,Propane,0.9713454246520996,347.6895446777344,1340.32470703125,381.8558654785156,1356.730224609375
746_jpg.rf.89b9080604a5cd6309f9c52e3a617190.jpg,4,Propane,0.5004534721374512,1516.789794921875,1475.5533447265625,1566.119873046875,1491.3248291015625
746_jpg.rf.89b9080604a5cd6309f9c52e3a617190.jpg,4,Propane,0.4887652099132538,1329.1759033203125,413.5803527832031,1361.6292724609375,430.5423278808594
746_jpg.rf.89b9080604a5cd6309f9c52e3a617190.jpg,4,Propane,0.32592159509658813,183.22010803222656,670.1343383789062,198.4409637451172,706.3800659179688
910_jpg.rf.6494b9f96c00c9fe4ae8c91cdb77998e.jpg,4,Propane,0.5084469318389893,479.358154296875,1740.7137451171875,489.4957275390625,1765.0611572265625
910_jpg.rf.6494b9f96c00c9fe4ae8c91cdb77998e.jpg,4,Propane,0.48681965470314026,156.15643310546875,1063.260009765625,172.62567138671875,1087.850341796875
298_jpg.rf.86bb34021a969253b1c09e211319021e.jpg,4,Propane,0.9969733953475952,597.8748168945312,196.654052734375,623.3776245117188,233.63412475585938
298_jpg.rf.86bb34021a969253b1c09e211319021e.jpg,4,Propane,0.9964296221733093,1114.16064453125,53.44834518432617,1137.398681640625,83.98958587646484
298_jpg.rf.86bb34021a969253b1c09e211319021e.jpg,4,Propane,0.993133544921875,1098.544189453125,629.9269409179688,1128.333984375,665.7990112304688
298_jpg.rf.86bb34021a969253b1c09e211319021e.jpg,4,Propane,0.9203069806098938,1749.178466796875,878.68359375,1775.44775390625,907.3682861328125
311_jpg.rf.c78ac7dd5785b38fc3f5564ff78eecb3.jpg,4,Propane,0.9968313574790955,583.1581420898438,680.602783203125,614.0328979492188,713.9564208984375
311_jpg.rf.c78ac7dd5785b38fc3f5564ff78eecb3.jpg,4,Propane,0.9945026636123657,1169.5184326171875,1181.8695068359375,1203.7633056640625,1197.5828857421875
311_jpg.rf.c78ac7dd5785b38fc3f5564ff78eecb3.jpg,4,Propane,0.993638813495636,60.89168930053711,1352.271240234375,96.30857849121094,1367.554931640625
311_jpg.rf.c78ac7dd5785b38fc3f5564ff78eecb3.jpg,4,Propane,0.9881578087806702,915.80712890625,924.5785522460938,949.4542236328125,948.8118286132812
311_jpg.rf.c78ac7dd5785b38fc3f5564ff78eecb3.jpg,4,Propane,0.9399022459983826,484.5987854003906,796.9003295898438,511.1343688964844,817.4203491210938
725_jpg.rf.7d48bf4702c2c8ec691075639abde9e1.jpg,4,Propane,0.9886519312858582,1366.3331298828125,1772.902587890625,1388.6390380859375,1806.458740234375
725_jpg.rf.7d48bf4702c2c8ec691075639abde9e1.jpg,4,Propane,0.9649850130081177,424.17572021484375,228.14584350585938,441.04351806640625,259.72674560546875
725_jpg.rf.7d48bf4702c2c8ec691075639abde9e1.jpg,4,Propane,0.9533279538154602,145.68899536132812,1201.3675537109375,163.13809204101562,1229.0338134765625
52_png.rf.a920e9f39ac621e77cc802c42ecf6440.jpg,4,Propane,0.9950929880142212,721.3912963867188,645.0022583007812,737.0919799804688,680.3264770507812
86_jpg.rf.354cf4216837dfe4ba1a6809d2a13102.jpg,4,Propane,0.996843695640564,661.533447265625,1220.3172607421875,692.3878173828125,1244.5272216796875
86_jpg.rf.354cf4216837dfe4ba1a6809d2a13102.jpg,4,Propane,0.9965645670890808,1983.180908203125,1272.8343505859375,2015.211181640625,1295.0484619140625
86_jpg.rf.354cf4216837dfe4ba1a6809d2a13102.jpg,4,Propane,0.9956271648406982,564.3182373046875,379.7371826171875,597.630859375,402.85540771484375
86_jpg.rf.354cf4216837dfe4ba1a6809d2a13102.jpg,4,Propane,0.9930892586708069,1289.02587890625,398.4478759765625,1319.69287109375,421.0394287109375
86_jpg.rf.354cf4216837dfe4ba1a6809d2a13102.jpg,4,Propane,0.988150954246521,1367.1160888671875,1237.7784423828125,1399.7752685546875,1261.1705322265625
318_jpg.rf.fc89186536b134dab8f0908b4f5e89dc.jpg,4,Propane,0.997409999370575,1096.7518310546875,1758.23583984375,1116.4691162109375,1793.433349609375
318_jpg.rf.fc89186536b134dab8f0908b4f5e89dc.jpg,4,Propane,0.9948168396949768,787.8999633789062,1735.1396484375,805.8673706054688,1769.220947265625
318_jpg.rf.fc89186536b134dab8f0908b4f5e89dc.jpg,4,Propane,0.9947307109832764,336.36297607421875,863.0577392578125,350.282958984375,896.275634765625
318_jpg.rf.fc89186536b134dab8f0908b4f5e89dc.jpg,4,Propane,0.9937111139297485,640.5601806640625,831.3650512695312,656.0155029296875,863.0153198242188
318_jpg.rf.fc89186536b134dab8f0908b4f5e89dc.jpg,4,Propane,0.9911898374557495,1404.901123046875,765.8873901367188,1429.58349609375,797.8430786132812
318_jpg.rf.fc89186536b134dab8f0908b4f5e89dc.jpg,4,Propane,0.6169803738594055,1987.728759765625,594.7152709960938,2008.544677734375,612.1741333007812
318_jpg.rf.fc89186536b134dab8f0908b4f5e89dc.jpg,4,Propane,0.47684404253959656,337.6058654785156,866.2838745117188,349.3622131347656,893.6549682617188
318_jpg.rf.fc89186536b134dab8f0908b4f5e89dc.jpg,4,Propane,0.3757926821708679,1987.025390625,592.2714233398438,2010.583251953125,614.4497680664062
623_jpg.rf.e0a29e82643aaff50a3edc4b657aafe2.jpg,4,Propane,0.9796452522277832,767.5385131835938,143.94496154785156,784.2734985351562,193.0747528076172
902_jpg.rf.48777a7a610808d8bf983840c661d8b0.jpg,4,Propane,0.9986653327941895,214.07504272460938,1345.644775390625,240.56539916992188,1379.753662109375
902_jpg.rf.48777a7a610808d8bf983840c661d8b0.jpg,4,Propane,0.9972476363182068,713.5817260742188,1096.8760986328125,746.9227905273438,1122.1478271484375
902_jpg.rf.48777a7a610808d8bf983840c661d8b0.jpg,4,Propane,0.762073278427124,1095.9598388671875,1662.1993408203125,1115.4447021484375,1691.0325927734375
925_jpg.rf.c34db287a027eb3cf5136ab1a72f1c0d.jpg,4,Propane,0.9991471767425537,837.9551391601562,881.2122192382812,854.5191040039062,913.7482299804688
925_jpg.rf.c34db287a027eb3cf5136ab1a72f1c0d.jpg,4,Propane,0.9961238503456116,1258.5089111328125,212.46141052246094,1290.0396728515625,230.60618591308594
925_jpg.rf.c34db287a027eb3cf5136ab1a72f1c0d.jpg,4,Propane,0.9952279329299927,1239.5654296875,848.5494995117188,1254.228271484375,878.7783813476562
925_jpg.rf.c34db287a027eb3cf5136ab1a72f1c0d.jpg,4,Propane,0.9163702130317688,1569.337158203125,922.0369873046875,1594.19189453125,938.1536865234375
789_jpg.rf.6bac8588a88e324abc70e95b79c9d47e.jpg,4,Propane,0.987047553062439,215.90444946289062,803.7550659179688,251.60986328125,828.9808959960938
938_jpg.rf.e8d286c2222a624b9a4801b516d60bf3.jpg,4,Propane,0.9963181018829346,1052.5299072265625,719.1111450195312,1071.3082275390625,748.1033325195312
938_jpg.rf.e8d286c2222a624b9a4801b516d60bf3.jpg,4,Propane,0.9487721920013428,1524.9984130859375,854.1780395507812,1540.3453369140625,884.4946899414062
938_jpg.rf.e8d286c2222a624b9a4801b516d60bf3.jpg,4,Propane,0.928123950958252,1605.260009765625,840.7733154296875,1630.522216796875,861.8216552734375
938_jpg.rf.e8d286c2222a624b9a4801b516d60bf3.jpg,4,Propane,0.8272042274475098,1605.1558837890625,834.1233520507812,1631.7188720703125,863.0447387695312
938_jpg.rf.e8d286c2222a624b9a4801b516d60bf3.jpg,4,Propane,0.7598581910133362,641.4830322265625,1658.252197265625,669.376708984375,1685.16650390625
938_jpg.rf.e8d286c2222a624b9a4801b516d60bf3.jpg,4,Propane,0.3616815507411957,1606.6646728515625,823.6071166992188,1631.2406005859375,863.1851196289062
165_jpg.rf.b16b5e0ab6f363992b5630adcb6f01be.jpg,4,Propane,0.9970694184303284,1343.520751953125,1579.386962890625,1375.463134765625,1594.761962890625
165_jpg.rf.b16b5e0ab6f363992b5630adcb6f01be.jpg,4,Propane,0.9928202033042908,287.1607971191406,775.4929809570312,318.8436584472656,809.7881469726562
994_jpg.rf.8b048c300099e460e90c64fc54c17c61.jpg,4,Propane,0.9904138445854187,394.65106201171875,797.22607421875,424.50726318359375,823.8551025390625
723_jpg.rf.b956b3a658c650cc2b50376ee8bdf42b.jpg,4,Propane,0.9971907734870911,2014.29345703125,450.0953369140625,2029.597900390625,479.72174072265625
723_jpg.rf.b956b3a658c650cc2b50376ee8bdf42b.jpg,4,Propane,0.9939032196998596,1065.490234375,717.69140625,1101.359375,734.599365234375
813_jpg.rf.2fc1110deb9e9a848f38fbfbc9d8f8a3.jpg,4,Propane,0.9985242486000061,665.1058349609375,786.6202392578125,682.8399658203125,833.9066162109375
813_jpg.rf.2fc1110deb9e9a848f38fbfbc9d8f8a3.jpg,4,Propane,0.29385244846343994,610.3720092773438,1048.1959228515625,643.6218872070312,1072.2545166015625
736_jpg.rf.6418abcc4a542fe0d3016ddd4188c433.jpg,4,Propane,0.9774680137634277,639.42431640625,1083.92138671875,658.98681640625,1132.025146484375
736_jpg.rf.6418abcc4a542fe0d3016ddd4188c433.jpg,4,Propane,0.898246169090271,1767.53564453125,1054.6026611328125,1785.8134765625,1097.1517333984375
736_jpg.rf.6418abcc4a542fe0d3016ddd4188c433.jpg,4,Propane,0.8441376090049744,1770.64111328125,1187.665283203125,1785.461181640625,1214.0009765625
854_jpg.rf.cbfcaa7e31fb51fba48f9c980e591373.jpg,4,Propane,0.9980096220970154,1335.3682861328125,624.709716796875,1356.4017333984375,658.9306640625
854_jpg.rf.cbfcaa7e31fb51fba48f9c980e591373.jpg,4,Propane,0.9966996312141418,1635.1435546875,736.3555908203125,1669.3564453125,755.3477783203125
854_jpg.rf.cbfcaa7e31fb51fba48f9c980e591373.jpg,4,Propane,0.9962306618690491,953.7562866210938,1712.8193359375,979.7922973632812,1747.064208984375
854_jpg.rf.cbfcaa7e31fb51fba48f9c980e591373.jpg,4,Propane,0.9957484602928162,1648.0147705078125,71.89060974121094,1681.5323486328125,94.95219421386719
854_jpg.rf.cbfcaa7e31fb51fba48f9c980e591373.jpg,4,Propane,0.9912468791007996,1356.3070068359375,727.371826171875,1378.6776123046875,762.5672607421875
854_jpg.rf.cbfcaa7e31fb51fba48f9c980e591373.jpg,4,Propane,0.9912147521972656,300.5075378417969,854.5953369140625,314.7037048339844,880.897705078125
854_jpg.rf.cbfcaa7e31fb51fba48f9c980e591373.jpg,4,Propane,0.5767143368721008,754.0110473632812,849.22900390625,772.8469848632812,879.4754638671875
854_jpg.rf.cbfcaa7e31fb51fba48f9c980e591373.jpg,4,Propane,0.5019813179969788,1645.3555908203125,67.29766845703125,1683.9837646484375,98.69148254394531
854_jpg.rf.cbfcaa7e31fb51fba48f9c980e591373.jpg,4,Propane,0.40395447611808777,1712.5230712890625,714.6341552734375,1739.6522216796875,731.738037109375
220_jpg.rf.e10c5a23676825ee3ac0637a657cb02b.jpg,4,Propane,0.9984671473503113,1890.8424072265625,1235.031005859375,1919.7054443359375,1269.67626953125
220_jpg.rf.e10c5a23676825ee3ac0637a657cb02b.jpg,4,Propane,0.9973395466804504,1104.7310791015625,1871.1322021484375,1122.7559814453125,1903.9898681640625
220_jpg.rf.e10c5a23676825ee3ac0637a657cb02b.jpg,4,Propane,0.9957901835441589,2018.05517578125,719.0679931640625,2045.37646484375,753.4114990234375
220_jpg.rf.e10c5a23676825ee3ac0637a657cb02b.jpg,4,Propane,0.9907693266868591,806.935302734375,47.15108108520508,841.2552490234375,68.87554931640625
220_jpg.rf.e10c5a23676825ee3ac0637a657cb02b.jpg,4,Propane,0.27482470870018005,1050.8834228515625,961.7591552734375,1076.5430908203125,974.4158935546875
685_jpg.rf.a1fa7490cd6fa3626155fb13b5225327.jpg,4,Propane,0.9874191880226135,1711.6611328125,1725.42041015625,1740.83203125,1772.55322265625
685_jpg.rf.a1fa7490cd6fa3626155fb13b5225327.jpg,4,Propane,0.945361316204071,581.8468017578125,1928.2720947265625,612.4503173828125,1946.7750244140625
8_png.rf.c439e83063a1e6099b95455bdeda88d0.jpg,4,Propane,0.85715252161026,1234.60498046875,274.0927734375,1277.836181640625,290.20587158203125
65_png.rf.c9c852e57aa780d3b34ac7578a3bbd34.jpg,4,Propane,0.9876947402954102,1162.0615234375,211.79734802246094,1178.271484375,243.6338653564453
65_png.rf.c9c852e57aa780d3b34ac7578a3bbd34.jpg,4,Propane,0.9839492440223694,600.4201049804688,280.1979064941406,617.6209106445312,319.7098083496094
222_jpg.rf.041766c939b2060f0f2f6fd1b5714b97.jpg,4,Propane,0.9943133592605591,1887.344970703125,1033.18359375,1918.945068359375,1061.08935546875
222_jpg.rf.041766c939b2060f0f2f6fd1b5714b97.jpg,4,Propane,0.9932175278663635,1130.00439453125,1760.9132080078125,1161.92041015625,1789.7156982421875
222_jpg.rf.041766c939b2060f0f2f6fd1b5714b97.jpg,4,Propane,0.991486668586731,624.2186279296875,1445.5347900390625,656.499755859375,1477.5662841796875
222_jpg.rf.041766c939b2060f0f2f6fd1b5714b97.jpg,4,Propane,0.9891636371612549,1110.4969482421875,1718.6285400390625,1137.0697021484375,1741.4044189453125
222_jpg.rf.041766c939b2060f0f2f6fd1b5714b97.jpg,4,Propane,0.9866546392440796,1492.6484375,667.5609130859375,1513.514404296875,699.7957763671875
222_jpg.rf.041766c939b2060f0f2f6fd1b5714b97.jpg,4,Propane,0.95060133934021,1556.970458984375,709.3748168945312,1587.40869140625,733.2936401367188
222_jpg.rf.041766c939b2060f0f2f6fd1b5714b97.jpg,4,Propane,0.898358166217804,967.26806640625,650.6387939453125,996.123291015625,679.7159423828125
222_jpg.rf.041766c939b2060f0f2f6fd1b5714b97.jpg,4,Propane,0.6882508397102356,964.574951171875,655.9784545898438,991.7469482421875,682.7852172851562
141_jpg.rf.da2ae7db2350cea1d163aeb135ea0517.jpg,4,Propane,0.9971098303794861,1353.4761962890625,589.0360717773438,1375.2996826171875,614.7089233398438
141_jpg.rf.da2ae7db2350cea1d163aeb135ea0517.jpg,4,Propane,0.9720154404640198,361.4976806640625,1347.7613525390625,390.0574951171875,1370.6207275390625
141_jpg.rf.da2ae7db2350cea1d163aeb135ea0517.jpg,4,Propane,0.7248340249061584,219.64483642578125,1322.126953125,263.02911376953125,1346.79638671875
75_jpg.rf.d286b409e2ae5f880b2a95abe8d6ad78.jpg,4,Propane,0.9969319105148315,1330.790771484375,491.33453369140625,1356.9775390625,529.136474609375
75_jpg.rf.d286b409e2ae5f880b2a95abe8d6ad78.jpg,4,Propane,0.9918950200080872,921.2626342773438,594.5912475585938,946.2496948242188,628.9446411132812
